h,ARIMA_MAPE,ARIMA_MAE,ARIMA_RMSE,ARIMA_R2,REGRESSION_MAPE,REGRESSION_MAE,REGRESSION_RMSE,REGRESSION_R2
1,1.831608619066254,1.5688366784700019,2.3598793615702602,0.9284484180273255,5.758584131358468,4.777166560411798,6.254060683408826,0.4974678889232236
2,3.129229502005481,2.6637168636513864,3.6933113594058105,0.8286992069093131,5.9548501196717485,4.932216613541974,6.451192338728564,0.4773541445826638
